{
    "rawtext":
    [
        {
            "translate":"%%2",
            "with":
            {
                "rawtext":
                [
                    {
                        "selector":"@e[tag=square:fu]"
                    },
                    {
                        "text":"§7-"
                    }
                ]
            }
        },
        {
            "text":"§b"
        },
        {
            "score":
            {
                "objective":"square",
                "name":"int"
            }
        },
        {
            "text":"§f.§b"
        },
        {
            "translate":"%%5",
            "with":
            {
                "rawtext":
                [
                    {
                        "selector":"@e[tag=square:screen,scores={square=10000..99999}]"
                    },
                    {
                        "selector":"@e[tag=square:screen,scores={square=!..999,square=!100000..}]"
                    },
                    {
                        "selector":"@e[tag=square:screen,scores={square=!..99,square=!100000..}]"
                    },
                    {
                        "selector":"@e[tag=square:screen,scores={square=..999999}]"
                    },
                    {
                        "rawtext":
                        [
                            {
                                "text":"0"
                            },
                            {
                                "score":
                                {
                                    "objective":"square",
                                    "name":"float_save"
                                }
                            }
                        ]
                    },
                    {
                        "rawtext":
                        [
                            {
                                "text":"00"
                            },
                            {
                                "score":
                                {
                                    "objective":"square",
                                    "name":"float_save"
                                }
                            }
                        ]
                    },
                    {
                        "rawtext":
                        [
                            {
                                "text":"000"
                            },
                            {
                                "score":
                                {
                                    "objective":"square",
                                    "name":"float_save"
                                }
                            }
                        ]
                    },
                    {
                        "translate":"%%3",
                        "with":
                        {
                            "rawtext":
                            [
                                {
                                    "selector":"@e[tag=square:screen,scores={square=10..99}]"
                                },
                                {
                                   "selector":"@e[tag=square:screen,scores={square=1..99}]"
                                },
                                {
                                    "rawtext":
                                    [
                                        {
                                            "text":"0000"
                                        },
                                        {
                                            "score":
                                            {
                                                "objective":"square",
                                                "name":"float_save"
                                            }
                                        }
                                    ]
                                },
                                {
                                    "rawtext":
                                    [
                                        {
                                            "text":"00000"
                                        },
                                        {
                                            "score":
                                            {
                                                "objective":"square",
                                                "name":"float_save"
                                            }
                                        }
                                    ]
                                },
                                {
                                    "rawtext":
                                    [
                                        {
                                            "score":
                                            {
                                                "objective":"square",
                                                "name":"float_save"
                                            }
                                        }
                                    ]
                                }
                            ]
                        }
                    }
                ]
            }
        },
        {
            "text":" §f* "
        },
        {
            "translate":"%%2",
            "with":
            {
                "rawtext":
                [
                    {
                        "selector":"@e[tag=square:fu]"
                    },
                    {
                        "text":"§7-"
                    }
                ]
            }
        },
        {
            "text":"§b"
        },
        {
            "score":
            {
                "objective":"square",
                "name":"int"
            }
        },
        {
            "text":"§f.§b"
        },
        {
            "translate":"%%5",
            "with":
            {
                "rawtext":
                [
                    {
                        "selector":"@e[tag=square:screen,scores={square=10000..99999}]"
                    },
                    {
                        "selector":"@e[tag=square:screen,scores={square=!..999,square=!100000..}]"
                    },
                    {
                        "selector":"@e[tag=square:screen,scores={square=!..99,square=!100000..}]"
                    },
                    {
                        "selector":"@e[tag=square:screen,scores={square=..999999}]"
                    },
                    {
                        "rawtext":
                        [
                            {
                                "text":"0"
                            },
                            {
                                "score":
                                {
                                    "objective":"square",
                                    "name":"float_save"
                                }
                            }
                        ]
                    },
                    {
                        "rawtext":
                        [
                            {
                                "text":"00"
                            },
                            {
                                "score":
                                {
                                    "objective":"square",
                                    "name":"float_save"
                                }
                            }
                        ]
                    },
                    {
                        "rawtext":
                        [
                            {
                                "text":"000"
                            },
                            {
                                "score":
                                {
                                    "objective":"square",
                                    "name":"float_save"
                                }
                            }
                        ]
                    },
                    {
                        "translate":"%%3",
                        "with":
                        {
                            "rawtext":
                            [
                                {
                                    "selector":"@e[tag=square:screen,scores={square=10..99}]"
                                },
                                {
                                   "selector":"@e[tag=square:screen,scores={square=1..99}]"
                                },
                                {
                                    "rawtext":
                                    [
                                        {
                                            "text":"0000"
                                        },
                                        {
                                            "score":
                                            {
                                                "objective":"square",
                                                "name":"float_save"
                                            }
                                        }
                                    ]
                                },
                                {
                                    "rawtext":
                                    [
                                        {
                                            "text":"00000"
                                        },
                                        {
                                            "score":
                                            {
                                                "objective":"square",
                                                "name":"float_save"
                                            }
                                        }
                                    ]
                                },
                                {
                                    "rawtext":
                                    [
                                        {
                                            "score":
                                            {
                                                "objective":"square",
                                                "name":"float_save"
                                            }
                                        }
                                    ]
                                }
                            ]
                        }
                    }
                ]
            }
        },
        {
            "text":" §e=§b "
        },
        {
            "score":
            {
                "objective":"square",
                "name":"intA"
            }
        },
        {
            "text":"§f.§b"
        },
        {
            "translate":"%%5",
            "with":
            {
                "rawtext":
                [
                    {
                        "selector":"@e[tag=square:helper,scores={square=10000..99999}]"
                    },
                    {
                        "selector":"@e[tag=square:helper,scores={square=!..999,square=!100000..}]"
                    },
                    {
                        "selector":"@e[tag=square:helper,scores={square=!..99,square=!100000..}]"
                    },
                    {
                        "selector":"@e[tag=square:helper,scores={square=..999999}]"
                    },
                    {
                        "rawtext":
                        [
                            {
                                "text":"0"
                            },
                            {
                                "score":
                                {
                                    "objective":"square",
                                    "name":"float"
                                }
                            }
                        ]
                    },
                    {
                        "rawtext":
                        [
                            {
                                "text":"00"
                            },
                            {
                                "score":
                                {
                                    "objective":"square",
                                    "name":"float"
                                }
                            }
                        ]
                    },
                    {
                        "rawtext":
                        [
                            {
                                "text":"000"
                            },
                            {
                                "score":
                                {
                                    "objective":"square",
                                    "name":"float"
                                }
                            }
                        ]
                    },
                    {
                        "translate":"%%3",
                        "with":
                        {
                            "rawtext":
                            [
                                {
                                    "selector":"@e[tag=square:helper,scores={square=10..99}]"
                                },
                                {
                                   "selector":"@e[tag=square:helper,scores={square=1..99}]"
                                },
                                {
                                    "rawtext":
                                    [
                                        {
                                            "text":"0000"
                                        },
                                        {
                                            "score":
                                            {
                                                "objective":"square",
                                                "name":"float"
                                            }
                                        }
                                    ]
                                },
                                {
                                    "rawtext":
                                    [
                                        {
                                            "text":"00000"
                                        },
                                        {
                                            "score":
                                            {
                                                "objective":"square",
                                                "name":"float"
                                            }
                                        }
                                    ]
                                },
                                {
                                    "rawtext":
                                    [
                                        {
                                            "score":
                                            {
                                                "objective":"square",
                                                "name":"float"
                                            }
                                        }
                                    ]
                                }
                            ]
                        }
                    }
                ]
            }
        }
    ]
}