{
    "translate":"%%5",
    "with":
    {
        "rawtext":
        [
            {
                "selector":"@e[tag=square:screen,scores={square=10000..99999}]"
            },
            {
                "selector":"@e[tag=square:screen,scores={square=!..999,square=!100000..}]"
            },
            {
                "selector":"@e[tag=square:screen,scores={square=!..99,square=!100000..}]"
            },
            {
                "selector":"@e[tag=square:screen,scores={square=..999999}]"
            },
            {
                "rawtext":
                [
                    {
                        "text":"0"
                    },
                    {
                        "score":
                        {
                            "objective":"square",
                            "name":"float_save"
                        }
                    }
                ]
            },
            {
                "rawtext":
                [
                    {
                        "text":"00"
                    },
                    {
                        "score":
                        {
                            "objective":"square",
                            "name":"float_save"
                        }
                    }
                ]
            },
            {
                "rawtext":
                [
                    {
                        "text":"000"
                    },
                    {
                        "score":
                        {
                            "objective":"square",
                            "name":"float_save"
                        }
                    }
                ]
            },
            {
                "translate":"%%3",
                "with":
                {
                    "rawtext":
                    [
                        {
                            "selector":"@e[tag=square:screen,scores={square=10..99}]"
                        },
                        {
                           "selector":"@e[tag=square:screen,scores={square=1..99}]"
                        },
                        {
                            "rawtext":
                            [
                                {
                                    "text":"0000"
                                },
                                {
                                    "score":
                                    {
                                        "objective":"square",
                                        "name":"float_save"
                                    }
                                }
                            ]
                        },
                        {
                            "rawtext":
                            [
                                {
                                    "text":"00000"
                                },
                                {
                                    "score":
                                    {
                                        "objective":"square",
                                        "name":"float_save"
                                    }
                                }
                            ]
                        },
                        {
                            "rawtext":
                            [
                                {
                                    "score":
                                    {
                                        "objective":"square",
                                        "name":"float_save"
                                    }
                                }
                            ]
                        }
                    ]
                }
            }
        ]
    }
}